{
  "curveUnits": [
    {
      "startPoint": {
        "x": 0,
        "y": 500
      },
      "controlPoint1": {
        "x": -125,
        "y": 500
      },
      "controlPoint2": {
        "x": -258.1652173913044,
        "y": 437.82608695652186
      },
      "endPoint": {
        "x": -281.7391304347826,
        "y": 265.0260869565218
      }
    },
    {
      "startPoint": {
        "x": -281.7391304347826,
        "y": 265.0260869565218
      },
      "controlPoint1": {
        "x": -305.31304347826085,
        "y": 92.22608695652173
      },
      "controlPoint2": {
        "x": -218.72173913043477,
        "y": 11.269565217391289
      },
      "endPoint": {
        "x": -137.11304347826086,
        "y": -33.80869565217387
      }
    },
    {
      "startPoint": {
        "x": -137.11304347826086,
        "y": -33.80869565217387
      },
      "controlPoint1": {
        "x": -55.504347826086956,
        "y": -78.88695652173902
      },
      "controlPoint2": {
        "x": -47.80000000000007,
        "y": -32.121739130434776
      },
      "endPoint": {
        "x": -50.713043478260886,
        "y": -97.86086956521734
      }
    },
    {
      "startPoint": {
        "x": -50.713043478260886,
        "y": -97.86086956521734
      },
      "controlPoint1": {
        "x": -53.6260869565217,
        "y": -163.5999999999999
      },
      "controlPoint2": {
        "x": -49.67826086956529,
        "y": -314.0521739130435
      },
      "endPoint": {
        "x": -52.59130434782617,
        "y": -392.9391304347826
      }
    }
  ]
}