{
  "curveUnits": [
    {
      "startPoint": {
        "x": 9.391304347826122,
        "y": 415.47826086956525
      },
      "controlPoint1": {
        "x": -117.4869565217391,
        "y": 422.99130434782614
      },
      "controlPoint2": {
        "x": -241.26086956521738,
        "y": 334.52173913043487
      },
      "endPoint": {
        "x": -251.68695652173915,
        "y": 199.28695652173917
      }
    },
    {
      "startPoint": {
        "x": -251.68695652173915,
        "y": 199.28695652173917
      },
      "controlPoint1": {
        "x": -262.1130434782609,
        "y": 64.05217391304348
      },
      "controlPoint2": {
        "x": -201.81739130434786,
        "y": -15.026086956521794
      },
      "endPoint": {
        "x": -127.7217391304348,
        "y": -52.59130434782611
      }
    },
    {
      "startPoint": {
        "x": -127.7217391304348,
        "y": -52.59130434782611
      },
      "controlPoint1": {
        "x": -53.62608695652173,
        "y": -90.15652173913043
      },
      "controlPoint2": {
        "x": -55.313043478260965,
        "y": -71.56521739130432
      },
      "endPoint": {
        "x": -52.59130434782617,
        "y": -114.7652173913043
      }
    },
    {
      "startPoint": {
        "x": -52.59130434782617,
        "y": -114.7652173913043
      },
      "controlPoint1": {
        "x": -49.86956521739137,
        "y": -157.9652173913043
      },
      "controlPoint2": {
        "x": -51.556521739130574,
        "y": -299.0260869565216
      },
      "endPoint": {
        "x": -50.713043478261,
        "y": -430.5043478260869
      }
    }
  ]
}